{"cameraMode":{"drawMode":0,"name":"Shaded","section":"Shading Mode"},"sceneLighting":false,"audioPlay":false,"sceneViewState":{"showFog":true,"showMaterialUpdate":false,"showSkybox":false,"showFlares":true,"showImageEffects":true,"showParticleSystems":true},"in2DMode":false,"pivot":{"x":0.23373520374298097,"y":0.1947922706604004,"z":0.43735677003860476},"rotation":{"x":-0.1582903414964676,"y":0.8019633293151856,"z":-0.243085116147995,"w":-0.5222166180610657},"size":1.166372537612915,"orthographic":false}