{"cameraMode":{"drawMode":0,"name":"Shaded","section":"Shading Mode"},"sceneLighting":true,"audioPlay":false,"sceneViewState":{"showFog":true,"showMaterialUpdate":false,"showSkybox":true,"showFlares":true,"showImageEffects":true,"showParticleSystems":true},"in2DMode":false,"pivot":{"x":-5.578371047973633,"y":-0.8695363998413086,"z":0.038064002990722659},"rotation":{"x":-0.3199460208415985,"y":0.5768211483955383,"z":-0.2619706094264984,"w":-0.7044751048088074},"size":20.30448341369629,"orthographic":false}