{"cameraMode":{"drawMode":0,"name":"Shaded","section":"Shading Mode"},"sceneLighting":true,"audioPlay":false,"sceneViewState":{"showFog":true,"showMaterialUpdate":false,"showSkybox":true,"showFlares":true,"showImageEffects":true,"showParticleSystems":true},"in2DMode":false,"pivot":{"x":0.0,"y":1.159999966621399,"z":5.659999847412109},"rotation":{"x":-0.0028378975111991169,"y":0.9701316952705383,"z":-0.24235914647579194,"w":-0.01134937908500433},"size":3.4630143642425539,"orthographic":false}