{"cameraMode":{"drawMode":0,"name":"Shaded","section":"Shading Mode"},"sceneLighting":false,"audioPlay":false,"sceneViewState":{"showFog":true,"showMaterialUpdate":false,"showSkybox":false,"showFlares":true,"showImageEffects":true,"showParticleSystems":true},"in2DMode":false,"pivot":{"x":-1.0172324180603028,"y":5.386974334716797,"z":-7.314601421356201},"rotation":{"x":0.026591910049319269,"y":0.94366854429245,"z":-0.3203960061073303,"w":0.07831529527902603},"size":2.291287899017334,"orthographic":false}