{"cameraMode":{"drawMode":0,"name":"Shaded","section":"Shading Mode"},"sceneLighting":false,"audioPlay":false,"sceneViewState":{"showFog":true,"showMaterialUpdate":false,"showSkybox":false,"showFlares":true,"showImageEffects":true,"showParticleSystems":true},"in2DMode":false,"pivot":{"x":0.9857972264289856,"y":1.5664567947387696,"z":-4.831639766693115},"rotation":{"x":-0.004373174160718918,"y":0.97353196144104,"z":-0.22775039076805116,"w":-0.018693452700972558},"size":3.64437198638916,"orthographic":false}