{"cameraMode":{"drawMode":0,"name":"Shaded","section":"Shading Mode"},"sceneLighting":false,"audioPlay":false,"sceneViewState":{"showFog":true,"showMaterialUpdate":false,"showSkybox":false,"showFlares":true,"showImageEffects":true,"showParticleSystems":true},"in2DMode":false,"pivot":{"x":-1.0326637029647828,"y":1.102897047996521,"z":2.94705867767334},"rotation":{"x":0.12492544203996659,"y":0.245816171169281,"z":-0.03196512162685394,"w":0.9607099890708923},"size":1.0907891988754273,"orthographic":false}