{"cameraMode":{"drawMode":0,"name":"Shaded","section":"Shading Mode"},"sceneLighting":false,"audioPlay":false,"sceneViewState":{"showFog":true,"showMaterialUpdate":false,"showSkybox":false,"showFlares":true,"showImageEffects":true,"showParticleSystems":true},"in2DMode":false,"pivot":{"x":0.003523007035255432,"y":-0.015684843063354493,"z":-0.017327792942523958},"rotation":{"x":0.19132454693317414,"y":0.7814324498176575,"z":-0.28773489594459536,"w":0.5195993781089783},"size":1.6767213344573975,"orthographic":false}