{"cameraMode":{"drawMode":0,"name":"Shaded","section":"Shading Mode"},"sceneLighting":false,"audioPlay":false,"sceneViewState":{"showFog":true,"showMaterialUpdate":false,"showSkybox":false,"showFlares":true,"showImageEffects":true,"showParticleSystems":true},"in2DMode":false,"pivot":{"x":0.005284518003463745,"y":-0.02599167823791504,"z":0.02352726459503174},"rotation":{"x":-0.044840678572654727,"y":0.909258246421814,"z":-0.10162784904241562,"w":-0.40116605162620547},"size":1.1650817394256592,"orthographic":false}