{"cameraMode":{"drawMode":0,"name":"Shaded","section":"Shading Mode"},"sceneLighting":true,"audioPlay":false,"sceneViewState":{"showFog":true,"showMaterialUpdate":false,"showSkybox":true,"showFlares":true,"showImageEffects":true,"showParticleSystems":true},"in2DMode":false,"pivot":{"x":4.756845474243164,"y":1.421041488647461,"z":9.124917984008789},"rotation":{"x":-0.2015005201101303,"y":0.7945070862770081,"z":-0.35796400904655459,"w":-0.4472343623638153},"size":3.7501330375671388,"orthographic":false}