{"cameraMode":{"drawMode":0,"name":"Shaded","section":"Shading Mode"},"sceneLighting":true,"audioPlay":false,"sceneViewState":{"showFog":true,"showMaterialUpdate":false,"showSkybox":true,"showFlares":true,"showImageEffects":true,"showParticleSystems":true},"in2DMode":false,"pivot":{"x":-0.9580864906311035,"y":3.9116597175598146,"z":3.998269557952881},"rotation":{"x":0.23927420377731324,"y":0.5516433715820313,"z":-0.1690184473991394,"w":0.7809443473815918},"size":2.0139412879943849,"orthographic":false}