{"cameraMode":{"drawMode":0,"name":"Shaded","section":"Shading Mode"},"sceneLighting":false,"audioPlay":false,"sceneViewState":{"showFog":true,"showMaterialUpdate":false,"showSkybox":false,"showFlares":true,"showImageEffects":true,"showParticleSystems":true},"in2DMode":false,"pivot":{"x":-0.9020000100135803,"y":1.2444727420806885,"z":5.334000587463379},"rotation":{"x":0.03576704487204552,"y":0.9641855955123901,"z":-0.1808350533246994,"w":0.19073396921157838},"size":1.1252622604370118,"orthographic":false}