{"cameraMode":{"drawMode":0,"name":"Shaded","section":"Shading Mode"},"sceneLighting":false,"audioPlay":false,"sceneViewState":{"showFog":true,"showMaterialUpdate":false,"showSkybox":false,"showFlares":true,"showImageEffects":true,"showParticleSystems":true},"in2DMode":false,"pivot":{"x":-0.41994714736938479,"y":0.6199996471405029,"z":4.059398651123047},"rotation":{"x":0.0011127424659207464,"y":0.9926678538322449,"z":-0.12059909105300904,"w":0.009229619055986405},"size":2.8768393993377687,"orthographic":false}