{"cameraMode":{"drawMode":0,"name":"Shaded","section":"Shading Mode"},"sceneLighting":false,"audioPlay":false,"sceneViewState":{"showFog":true,"showMaterialUpdate":false,"showSkybox":false,"showFlares":true,"showImageEffects":true,"showParticleSystems":true},"in2DMode":false,"pivot":{"x":0.5513404011726379,"y":0.2709085941314697,"z":-0.8666673898696899},"rotation":{"x":0.00008069647446973249,"y":0.9546343088150024,"z":-0.29781246185302737,"w":0.0002853678015526384},"size":1.6938676834106446,"orthographic":false}