{"cameraMode":{"drawMode":0,"name":"Shaded","section":"Shading Mode"},"sceneLighting":false,"audioPlay":false,"sceneViewState":{"showFog":true,"showMaterialUpdate":false,"showSkybox":false,"showFlares":true,"showImageEffects":true,"showParticleSystems":true},"in2DMode":false,"pivot":{"x":-1.851179599761963,"y":0.9222784638404846,"z":5.690542697906494},"rotation":{"x":-0.002999738557264209,"y":0.9969465732574463,"z":-0.06078613921999931,"w":-0.04909265413880348},"size":0.6339999437332153,"orthographic":false}