{"cameraMode":{"drawMode":0,"name":"Shaded","section":"Shading Mode"},"sceneLighting":false,"audioPlay":false,"sceneViewState":{"showFog":true,"showMaterialUpdate":false,"showSkybox":false,"showFlares":true,"showImageEffects":true,"showParticleSystems":true},"in2DMode":false,"pivot":{"x":0.0,"y":1.1600000858306885,"z":5.659999847412109},"rotation":{"x":0.04493005573749542,"y":0.9540585875511169,"z":-0.18577048182487489,"w":0.23074665665626527},"size":0.994987428188324,"orthographic":false}