{"cameraMode":{"drawMode":0,"name":"Shaded","section":"Shading Mode"},"sceneLighting":true,"audioPlay":false,"sceneViewState":{"showFog":true,"showMaterialUpdate":false,"showSkybox":true,"showFlares":true,"showImageEffects":true,"showParticleSystems":true},"in2DMode":false,"pivot":{"x":-25.210285186767579,"y":42.93901443481445,"z":78.81498718261719},"rotation":{"x":0.010920175351202488,"y":-0.9760359525680542,"z":0.21141451597213746,"w":0.0504140667617321},"size":0.49705517292022707,"orthographic":false}