{"cameraMode":{"drawMode":0,"name":"Shaded","section":"Shading Mode"},"sceneLighting":false,"audioPlay":false,"sceneViewState":{"showFog":true,"showMaterialUpdate":false,"showSkybox":false,"showFlares":true,"showImageEffects":true,"showParticleSystems":true},"in2DMode":false,"pivot":{"x":-3.2200000286102297,"y":1.159999966621399,"z":3.7799999713897707},"rotation":{"x":0.0642712265253067,"y":0.933034360408783,"z":-0.28434330224990847,"w":0.21089987456798554},"size":10.0,"orthographic":false}