{"cameraMode":{"drawMode":0,"name":"Shaded","section":"Shading Mode"},"sceneLighting":true,"audioPlay":false,"sceneViewState":{"showFog":true,"showMaterialUpdate":false,"showSkybox":true,"showFlares":true,"showImageEffects":true,"showParticleSystems":true},"in2DMode":false,"pivot":{"x":2.689126491546631,"y":1.387868881225586,"z":-8.213565826416016},"rotation":{"x":-0.3389248847961426,"y":0.5929011702537537,"z":-0.30215224623680117,"w":-0.6650629043579102},"size":8.345771789550782,"orthographic":false}