{"cameraMode":{"drawMode":0,"name":"Shaded","section":"Shading Mode"},"sceneLighting":true,"audioPlay":false,"sceneViewState":{"showFog":true,"showMaterialUpdate":false,"showSkybox":true,"showFlares":true,"showImageEffects":true,"showParticleSystems":true},"in2DMode":false,"pivot":{"x":-2.734598159790039,"y":1.25,"z":-0.661259651184082},"rotation":{"x":-0.04481860622763634,"y":0.9311509132385254,"z":-0.12250158935785294,"w":-0.34063223004341128},"size":2.7099666595458986,"orthographic":false}