{"cameraMode":{"drawMode":0,"name":"Shaded","section":"Shading Mode"},"sceneLighting":true,"audioPlay":false,"sceneViewState":{"showFog":true,"showMaterialUpdate":false,"showSkybox":true,"showFlares":true,"showImageEffects":true,"showParticleSystems":true},"in2DMode":false,"pivot":{"x":0.8298015594482422,"y":2.6499481201171877,"z":4.071413516998291},"rotation":{"x":-0.0004716948315035552,"y":0.9425041079521179,"z":-0.3342570662498474,"w":-0.0011029589222744108},"size":6.835752010345459,"orthographic":false}