{"cameraMode":{"drawMode":0,"name":"Shaded","section":"Shading Mode"},"sceneLighting":true,"audioPlay":false,"sceneViewState":{"showFog":true,"showMaterialUpdate":false,"showSkybox":true,"showFlares":true,"showImageEffects":true,"showParticleSystems":true},"in2DMode":false,"pivot":{"x":3.3548312187194826,"y":1.3166667222976685,"z":6.470943927764893},"rotation":{"x":0.03807871416211128,"y":0.9320437908172607,"z":-0.34540465474128725,"w":0.10274797677993775},"size":5.539231300354004,"orthographic":false}