{"cameraMode":{"drawMode":0,"name":"Shaded","section":"Shading Mode"},"sceneLighting":true,"audioPlay":false,"sceneViewState":{"showFog":true,"showMaterialUpdate":false,"showSkybox":true,"showFlares":true,"showImageEffects":true,"showParticleSystems":true},"in2DMode":false,"pivot":{"x":-0.37241196632385256,"y":1.204786777496338,"z":5.154458045959473},"rotation":{"x":0.048646602779626849,"y":0.9350907802581787,"z":-0.32123079895973208,"w":0.14160838723182679},"size":6.778286457061768,"orthographic":false}