{"cameraMode":{"drawMode":0,"name":"Shaded","section":"Shading Mode"},"sceneLighting":true,"audioPlay":false,"sceneViewState":{"showFog":true,"showMaterialUpdate":false,"showSkybox":true,"showFlares":true,"showImageEffects":true,"showParticleSystems":true},"in2DMode":false,"pivot":{"x":-1.3546947240829468,"y":6.014662742614746,"z":1.8032302856445313},"rotation":{"x":0.015933511778712274,"y":0.9462183713912964,"z":-0.3196794390678406,"w":0.04716162011027336},"size":10.325394630432129,"orthographic":false}