{"cameraMode":{"drawMode":0,"name":"Shaded","section":"Shading Mode"},"sceneLighting":true,"audioPlay":false,"sceneViewState":{"showFog":true,"showMaterialUpdate":false,"showSkybox":true,"showFlares":true,"showImageEffects":true,"showParticleSystems":true},"in2DMode":false,"pivot":{"x":-0.46715259552001955,"y":0.985671877861023,"z":5.743517875671387},"rotation":{"x":0.047242291271686557,"y":-0.13384605944156648,"z":-0.006388382986187935,"w":-0.9898560047149658},"size":2.066028118133545,"orthographic":false}