{"cameraMode":{"drawMode":0,"name":"Shaded","section":"Shading Mode"},"sceneLighting":true,"audioPlay":false,"sceneViewState":{"showFog":true,"showMaterialUpdate":false,"showSkybox":true,"showFlares":true,"showImageEffects":true,"showParticleSystems":true},"in2DMode":false,"pivot":{"x":-2.158205509185791,"y":6.379494667053223,"z":-0.8743343353271484},"rotation":{"x":-0.025097070261836053,"y":-0.9045429825782776,"z":0.4223228394985199,"w":-0.05379416048526764},"size":7.385382652282715,"orthographic":false}