{"cameraMode":{"drawMode":0,"name":"Shaded","section":"Shading Mode"},"sceneLighting":true,"audioPlay":false,"sceneViewState":{"showFog":true,"showMaterialUpdate":false,"showSkybox":true,"showFlares":true,"showImageEffects":true,"showParticleSystems":true},"in2DMode":false,"pivot":{"x":-0.36085057258605959,"y":-3.5913143157958986,"z":5.914608478546143},"rotation":{"x":-0.03905407711863518,"y":-0.7780685424804688,"z":0.6250965595245361,"w":-0.048607952892780307},"size":31.331554412841798,"orthographic":false}