{"cameraMode":{"drawMode":0,"name":"Shaded","section":"Shading Mode"},"sceneLighting":false,"audioPlay":false,"sceneViewState":{"showFog":true,"showMaterialUpdate":false,"showSkybox":true,"showFlares":true,"showImageEffects":true,"showParticleSystems":true},"in2DMode":false,"pivot":{"x":0.0,"y":1.1600000858306885,"z":5.659999847412109},"rotation":{"x":0.030530469492077829,"y":0.9624556303024292,"z":-0.2404409945011139,"w":0.1222095638513565},"size":3.9949870109558107,"orthographic":false}