{"cameraMode":{"drawMode":0,"name":"Shaded","section":"Shading Mode"},"sceneLighting":false,"audioPlay":false,"sceneViewState":{"showFog":true,"showMaterialUpdate":false,"showSkybox":false,"showFlares":true,"showImageEffects":true,"showParticleSystems":true},"in2DMode":false,"pivot":{"x":0.0749000832438469,"y":1.3427692651748658,"z":5.407953262329102},"rotation":{"x":-0.27319207787513735,"y":0.6536493897438049,"z":-0.2746736407279968,"w":-0.6501309871673584},"size":2.1949872970581056,"orthographic":false}