{"cameraMode":{"drawMode":0,"name":"Shaded","section":"Shading Mode"},"sceneLighting":true,"audioPlay":false,"sceneViewState":{"showFog":true,"showMaterialUpdate":false,"showSkybox":true,"showFlares":true,"showImageEffects":true,"showParticleSystems":true},"in2DMode":false,"pivot":{"x":1.3385863304138184,"y":-2.154188394546509,"z":-10.512089729309082},"rotation":{"x":0.0032352993730455639,"y":0.9811513423919678,"z":-0.19257372617721559,"w":0.016486426815390588},"size":5.1670660972595219,"orthographic":false}